Nombre,Apellidos,Email,Telefono,Ciudad,Fecha nacimiento,Estudios,Profesion,Empresa,Sector,Curso,Fecha matricula,Nivel previo,Conocimientos previos,Objetivo formativo,Canal captacion,Cursos realizados,Interes cursos futuros,Preferencia contacto,Observaciones
Raquel,González,raquel.gonzalez@example.com,600000001,Oviedo,24-06-1970,Técnico en Informática,Técnica administrativa,AsturData,Servicios,Excel Avanzado,10-09-2026,Intermedio,"Excel básico, fórmulas, filtros","Mejorar la elaboración de informes",Web,"Excel Básico","Power BI",Email,"Interesada en análisis de datos"
Sergio,Fernández López,sergio.fernandez@example.com,600000002,Gijón,15-03-1985,Grado en Administración y Dirección de Empresas,Administrativo,Gestión Norte,Administración,Excel Avanzado,11-09-2026,Básico,"Excel básico, tablas","Aprender a automatizar tareas",Google,"Excel Básico","Power BI",Teléfono,"Utiliza Excel diariamente"
Jaime,Martínez García,jaime.martinez@example.com,600000003,Avilés,08-11-1992,Grado en Ingeniería Informática,Desarrollador junior,TechAstur,Tecnología,Python Inicial,09-09-2026,Básico,"Programación básica, JavaScript","Aprender Python para automatización,Web,,"Python Avanzado",Email,"Tiene experiencia programando"
Guillermo,Sánchez Pérez,guillermo.sanchez@example.com,600000004,Oviedo,19-01-1978,Licenciatura en Economía,Analista financiero,Finanzas del Norte,Banca,Power BI,12-09-2026,Intermedio,"Excel avanzado, análisis de datos","Crear cuadros de mando",Recomendación,"Excel Avanzado","Power BI Avanzado",Email,"Necesita aplicar los conocimientos a informes financieros"
Marco,Suárez Rodríguez,marco.suarez@example.com,600000005,Llanera,27-07-1988,Ciclo Formativo de Administración,Técnico de administración,AsturServicios,Servicios,Excel Intermedio,08-09-2026,Básico,"Excel básico, hojas de cálculo","Mejorar sus competencias profesionales",Redes sociales,"Excel Básico","Power BI",WhatsApp,"Prefiere ejercicios prácticos"
Rubén,Álvarez Fernández,ruben.alvarez@example.com,600000006,Langreo,03-12-1975,Bachillerato,Encargado de almacén,Logística Astur,Logística,Excel Intermedio,13-09-2026,Básico,"Excel básico, tablas","Gestionar mejor inventarios",Web,,"Excel Avanzado",Teléfono,"Poca experiencia informática"
Concepción,Iglesias García,concepcion.iglesias@example.com,600000007,Mieres,22-05-1968,Diplomatura en Educación,Docente,Centro Educativo Norte,Educación,Competencias Digitales,07-09-2026,Intermedio,"Ofimática, correo electrónico, Word","Mejorar sus competencias digitales",Evento,"Ofimática Básica","Inteligencia Artificial",Email,"Interesada en herramientas de IA para educación"
Franklin,Rodríguez Díaz,franklin.rodriguez@example.com,600000008,Oviedo,30-09-1995,Grado en Marketing,Técnico de marketing,Marketing Astur,Marketing,Marketing Digital,14-09-2026,Básico,"Redes sociales, publicidad online","Mejorar campañas digitales",Google,,"SEO y Analítica Web",Email,"Quiere aplicar lo aprendido en su empresa"
Yeray,Castro Suárez,yeray.castro@example.com,600000009,Gijón,12-02-2000,Ciclo Formativo de Desarrollo de Aplicaciones,Programador junior,DigitalLab,Tecnología,Python Inicial,15-09-2026,Intermedio,"Python básico, SQL, Git","Mejorar sus conocimientos de programación",Web,"Programación Básica","Python Avanzado",Email,"Busca orientación para continuar su formación"
